{"stats":{"minecraft:custom":{"minecraft:jump":10,"minecraft:time_since_rest":141459,"minecraft:crouch_one_cm":7,"minecraft:leave_game":3,"minecraft:play_time":141459,"minecraft:time_since_death":141459,"minecraft:walk_one_cm":101,"minecraft:sneak_time":4713,"minecraft:total_world_time":141459,"minecraft:fly_one_cm":156847},"minecraft:used":{"minecraft:redstone":651,"minecraft:magenta_concrete":370,"minecraft:repeater":77,"minecraft:redstone_lamp":153,"minecraft:light_blue_concrete":424,"minecraft:red_concrete":282,"minecraft:redstone_torch":94}},"DataVersion":3700}