{"stats":{"minecraft:used":{"minecraft:redstone_torch":9,"minecraft:gold_block":7,"minecraft:glass":2,"minecraft:redstone":1},"minecraft:custom":{"minecraft:jump":13,"minecraft:time_since_rest":1406565,"minecraft:crouch_one_cm":194,"minecraft:leave_game":2,"minecraft:play_time":1406565,"minecraft:sprint_one_cm":1126,"minecraft:time_since_death":1406565,"minecraft:walk_one_cm":2298,"minecraft:sneak_time":69085,"minecraft:total_world_time":3468068,"minecraft:fly_one_cm":1230944}},"DataVersion":3700}